{
  "type":"road",
  "data":[
    {
      "geometry": [
        [120.02116786300007, 30.377411117900017],
        [120.02336786300007, 30.374211117900017],
        [120.02326786300007, 30.372111117900017],
        [120.02116786300007, 30.371211117900017]
      ]
    },
    {
      "geometry": [
        [120.02116786300007, 30.377411117900017],
        [120.02336786300007, 30.374211117900017],
        [120.02526786300007, 30.377111117900017],
        [120.02416786300007, 30.379211117900017]
      ]
    }
  ]
}